{"Tau_dz": [-18.654296875, 17.880859375], "Tau_dxy": [-3.181640625, 1.203125], "Tau_leadTkDeltaPhi": [-0.099365234375, 0.099853515625], "Tau_leadTkDeltaEta": [-0.099853515625, 0.099609375], "Tau_rawIsodR03": [0.0, 531.5], "Tau_leadTkPtOverTauPt": [0.00273895263671875, 2.12890625], "Tau_idDeepTau2017v2p1VSe": [0.0, 255.0], "Tau_idDeepTau2017v2p1VSjet": [0.0, 255.0], "Tau_charge": [-1.0, 1.0], "Tau_idDeepTau2017v2p1VSmu": [0.0, 15.0], "Tau_idAntiMu": [0.0, 3.0], "Tau_idDecayModeOldDMs": [0.0, 1.0], "Tau_idAntiEleDeadECal": [0.0, 1.0], "Tau_etaMinusGen": [-0.29441070556640625, 0.29736328125], "Tau_phiMinusGen": [-0.29736328125, 0.291748046875], "Tau_ptRatio": [0.49964815378189087, 1.5019201040267944], "Tau_cleanmask": [1.0, 1.0]}