{"Tau_dz": 1.5697241881626658, "Tau_dxy": 1.5687009748379177, "Tau_leadTkDeltaPhi": 1.4462607833815366, "Tau_leadTkDeltaEta": 1.47098242961587, "Tau_rawIsodR03": 16.512298650946, "Tau_leadTkPtOverTauPt": 2.12890625, "Tau_idDeepTau2017v2p1VSe": 255.4999987604308, "Tau_idDeepTau2017v2p1VSjet": 255.49999927724718, "Tau_charge": 1.9999999496643222, "Tau_idDeepTau2017v2p1VSmu": 15.499995254557984, "Tau_idAntiMu": 3.4999998139455952, "Tau_idDecayModeOldDMs": 1.4999981307495047, "Tau_idAntiEleDeadECal": 1.4999998631738123, "Tau_etaMinusGen": 1.5371800953709938, "Tau_phiMinusGen": 1.528784935561353, "Tau_ptRatio": 1.5019201040267944, "Tau_cleanmask": 1.499998880950148}